Title,Media URL,Pinterest board,Description,Link
"Combien d'heures de lumière pour vos plantes d'intérieur ?","https://www.optiled.fr/images/pinterest/heures-de-lumiere.jpg","Culture indoor sous LED","Salades, aromatiques, tomates : la bonne durée d'éclairage sous LED, et pourquoi ne jamais éclairer 24 h sur 24.","https://www.optiled.fr/conseil-heures-de-lumiere-par-jour.html"
"À quelle hauteur placer sa lampe LED ?","https://www.optiled.fr/images/pinterest/hauteur-lampe.jpg","Culture indoor sous LED","Distance conseillée entre la lampe et les plantes selon le type de lampe, et comment la régler en observant les feuilles.","https://www.optiled.fr/conseil-hauteur-lampe-led.html"
"LED blanche ou LED rose : laquelle choisir ?","https://www.optiled.fr/images/pinterest/blanche-ou-rose.jpg","Culture indoor sous LED","Plein spectre blanc ou rouge et bleu : ce que chacune apporte aux plantes et pourquoi le blanc est le choix le plus simple.","https://www.optiled.fr/conseil-lumiere-blanche-ou-rose.html"
"Les légumes les plus faciles à cultiver en intérieur","https://www.optiled.fr/images/pinterest/legumes-faciles.jpg","Culture indoor sous LED","Micro-pousses, salades, roquette, basilic, ciboulette : par quoi commencer sous LED, avec les délais de récolte.","https://www.optiled.fr/conseil-legumes-faciles-debutant.html"
"Des tomates en appartement toute l'année ?","https://www.optiled.fr/images/pinterest/tomates-appartement.jpg","Culture indoor sous LED","Variétés, lumière, température et pollinisation : ce qu’il faut pour récolter des tomates en intérieur sous LED.","https://www.optiled.fr/conseil-tomates-en-appartement.html"
"Hydroponie ou terreau : que choisir pour débuter ?","https://www.optiled.fr/images/pinterest/hydroponie-ou-terreau.jpg","Culture indoor sous LED","Avantages et contraintes de chaque méthode pour une première culture en intérieur, et la méthode Kratky pour essayer.","https://www.optiled.fr/conseil-hydroponie-ou-terreau.html"
"Moucherons dans les pots : les solutions sans insecticide","https://www.optiled.fr/images/pinterest/moucherons.jpg","Culture indoor sous LED","Reconnaître les sciarides et s’en débarrasser : arrosage, pièges jaunes, sable et auxiliaires.","https://www.optiled.fr/conseil-moucherons-dans-les-pots.html"
"Potager d'intérieur connecté : lequel choisir ?","https://www.optiled.fr/images/pinterest/potager-connecte.jpg","Culture indoor sous LED","Ce que vaut vraiment la lampe des potagers connectés, pour quelles cultures, et quand une réglette LED fait mieux.","https://www.optiled.fr/conseil-potager-interieur-connecte.html"
"Débuter : salades et aromatiques sous LED","https://www.optiled.fr/images/pinterest/debuter.jpg","Culture indoor sous LED","Une étagère, une réglette LED et quelques pots : quoi semer, quoi acheter et que faire semaine après semaine.","https://www.optiled.fr/debuter.html"
"Quelle température pour cultiver en intérieur ?","https://www.optiled.fr/images/pinterest/temperatures.jpg","Culture indoor sous LED","Légumes feuilles 15 à 22 °C, légumes fruits 20 à 29 °C : les bonnes plages de température, jour et nuit.","https://www.optiled.fr/culture-climat.html#temperature"
"Du semis au repiquage, étape par étape","https://www.optiled.fr/images/pinterest/semis-repiquage.jpg","Culture indoor sous LED","Semis, levée, premières vraies feuilles, repiquage : le bon moment pour chaque étape sous LED.","https://www.optiled.fr/culture-semis.html#repiquage"
"Feuilles jaunes ou brûlées : que se passe-t-il ?","https://www.optiled.fr/images/pinterest/feuilles-malades.jpg","Culture indoor sous LED","Manque d’azote, pH trop élevé, trop de lumière, solution trop concentrée : lire les symptômes sur les feuilles.","https://www.optiled.fr/culture-problemes.html#symptomes"
